device,mean_ms,p50_ms,p95_ms,h2d_ms,compute_ms,energy_j
cpu,12.872314000269398,12.92765000835061,15.793439958360977,0,12.872314000269398,0.5792541300121229
gpu,2.8819614466512578,3.464274014579132,3.621524505456909,0.7243880030000582,2.1575734436511995,0.23055691573210063
cpu,10.735109996749088,10.59424999402836,12.288809986785052,0,10.735109996749088,0.48307994985370895
gpu,2.8308799337409436,3.1825219865422696,4.012972954777069,0.7961340039037168,2.034745929837227,0.2547791940366849
