device,size,N,mean_ms,p50_ms,p95_ms,gflops,h2d_ms,compute_ms,d2h_ms,power_w,energy_j,compute_energy_j
cpu,S,1024,7.855334996711463,7.89539999095723,8.366925021982752,273.37900279224465,0,7.855334996711463,0,45,0.3534900748520158,0.3534900748520158
gpu,S,1024,2.2926057899463923,1.816361981909722,2.389687178097665,936.6999147508104,0.9970329975476488,0.5125887984037399,0.7829839939950034,80,0.18340846319571139,0.041007103872299194
cpu,M,4096,418.28022600500844,419.10605001612566,447.1633900044253,328.5810443029509,0,418.28022600500844,0,45,18.82261017022538,18.82261017022538
gpu,M,4096,35.75062824418768,33.59161600610241,41.9150370510295,3844.378692683387,10.549287998583168,14.270410242080688,10.930930003523827,80,2.8600502595350146,1.141632819366455
cpu,L,8192,4190.596232002135,4564.297000033548,4856.576940001105,262.3759405354803,0,4190.596232002135,0,45,188.57683044009607,188.57683044009607
gpu,L,8192,233.77051593660843,233.15751881804317,247.62034079143777,4703.380250374066,41.12691399990581,115.77690093994141,76.86670099676121,80,18.701641274928676,9.262152075195313
